Name,HR
Cartier,0.08924676331705342
Duda,0.02697969692275645
Duhamel,0.40843986100927676
Kevin,0.7880976013234078
Marja,0.9522461409617953
felicite,0.8709277742567825
